<?xml version="1.0" encoding="UTF-8"?>
<!DOCTYPE mapper PUBLIC "-//mybatis.org//DTD Mapper 3.0//EN" "http://mybatis.org/dtd/mybatis-3-mapper.dtd">

<mapper namespace="com.mkl.gulimall.order.dao.MqMessageDao">

	<!-- 可根据自己的需求，是否要使用 -->
    <resultMap type="com.mkl.gulimall.order.entity.MqMessageEntity" id="mqMessageMap">
        <result property="messageId" column="message_id"/>
        <result property="content" column="content"/>
        <result property="toExchane" column="to_exchane"/>
        <result property="routingKey" column="routing_key"/>
        <result property="classType" column="class_type"/>
        <result property="messageStatus" column="message_status"/>
        <result property="createTime" column="create_time"/>
        <result property="updateTime" column="update_time"/>
    </resultMap>


</mapper>